,Model Number,Accuracy,Error,Precision,Recall,True Positive,True Negative,False Positive,False Negative
0,1,0.721608040201005,0.27839195979899495,0.6201822004204625,0.9866220735785953,885,551,542,12
1,2,0.6534606205250597,0.34653937947494035,0.5522670025188917,0.9831838565022422,877,492,711,15
2,3,0.8019747668678003,0.19802523313219966,0.7236394557823129,0.9594137542277339,851,611,325,36
3,4,0.8805620608899297,0.11943793911007025,0.8807134894091416,0.8906426155580609,790,714,107,97
4,5,0.8616898148148148,0.13831018518518517,0.8285714285714286,0.9195922989807475,812,677,168,71
5,6,0.867595818815331,0.13240418118466898,0.845100105374078,0.9082672706681767,802,692,147,81
